{"accuracy": 0.7152777777777778, "classification_report": {"High": {"precision": 0.7843137254901961, "recall": 0.8333333333333334, "f1-score": 0.8080808080808081, "support": 48.0}, "Low": {"precision": 0.7608695652173914, "recall": 0.7291666666666666, "f1-score": 0.7446808510638298, "support": 48.0}, "Medium": {"precision": 0.5957446808510638, "recall": 0.5833333333333334, "f1-score": 0.5894736842105263, "support": 48.0}, "accuracy": 0.7152777777777778, "macro avg": {"precision": 0.7136426571862171, "recall": 0.7152777777777778, "f1-score": 0.7140784477850547, "support": 144.0}, "weighted avg": {"precision": 0.7136426571862171, "recall": 0.7152777777777778, "f1-score": 0.7140784477850547, "support": 144.0}}, "confusion_matrix": [[40, 2, 6], [0, 35, 13], [11, 9, 28]], "feature_importances": [0.04534956440329552, 0.04666963964700699, 0.0454847514629364, 0.04961620271205902, 0.042248230427503586, 0.042447008192539215, 0.2538267970085144, 0.04466234892606735, 0.08129926770925522, 0.03964900225400925, 0.04254797846078873, 0.045867662876844406, 0.05122241750359535, 0.03892206773161888, 0.03794792294502258, 0.04025500267744064, 0.051984239369630814], "features": ["g3_lang", "g3_math", "g3_evs", "g5_lang", "g5_math", "g5_evs", "g8_lang", "g8_math", "g8_sci", "g8_sst", "g3_avg", "g5_avg", "g8_avg", "growth_g3_g5", "growth_g5_g8", "performance_std", "state_encoded"], "classes": ["High", "Low", "Medium"]}