Model,Accuracy
Random Forest,0.6666666666666666
Logistic Regression,0.6666666666666666
SVM,0.6805555555555556
KNN,0.6527777777777778
XGBoost,0.7152777777777778
